:ID,name,:LABEL
department1,精神科,Department
department2,儿科,Department
department3,内科,Department
department4,产科,Department
department5,外科,Department
department6,消化内科,Department
department7,神经内科,Department
department8,心理咨询科,Department
department9,小儿消化科,Department
department10,遗传咨询科,Department
cause1,全身性疾病的影响,Cause
cause2,药物影响,Cause
cause3,微量元素缺乏及某些内分泌素不足,Cause
cause4,食物过敏,Cause
cause5,喂养不当,Cause
cause6,气候影响,Cause
cause7,运动量不足,Cause
cause8,睡眠不足,Cause
cause9,神经性厌食,Cause
cause10,家族遗传,Cause
cause11,家庭关系缺乏亲密度,Cause
cause12,社会观念影响,Cause
cause13,心理发育影响,Cause
cause14,个体易感素质影响,Cause
cause15,下丘脑功能异常,Cause
cause16,不良心理,Cause
cause17,先天脾胃不好,Cause
cause18,不良饮食习惯,Cause
check1,营养状况检查,Check
check2,体质指数,Check
check3,体重检查,Check
check4,营养评估,Check
check5,营养监测,Check
check6,消化系统检查,Check
check7,甲状腺功能检查,Check
check8,腹部B超,Check
check9,胸部CT,Check
check10,腹部CT,Check
check11,肝功能检查,Check
check12,肾功能检查,Check
check13,心肌酶谱,Check
check18,血生化检查,Check
check19,微量元素检测,Check
check20,超声检查,Check
check21,纤维胃镜检查,Check
check22,心电图,Check
check23,血常规,Check
check24,血液电解质检查,Check
check25,二维超声心动图,Check
check26,尿常规,Check
check27,便常规,Check
check28,雌激素,Check
check29,BMI指数,Check
check30,低密度脂蛋白胆固醇,Check
check31,血清低密度脂蛋白胆固醇,Check
check32,x线检查,Check
check33,脑电图,Check
check34,影像学检查,Check
check35,血清电解质检测,Check
check36,超声心动图,Check
check37,头部MRI,Check
check38,头部CT,Check
check39,胃镜,Check
crowd1,13～20岁之间的年轻女性,Crowd
crowd2,幼儿,Crowd
crowd3,无特定人群,Crowd
drug1,甘草锌胶囊,Drug
drug2,甘草锌颗粒,Drug
drug3,抗精神病药物,Drug
drug4,舒必利,Drug
drug5,氯丙嗪,Drug
drug6,抗抑郁剂,Drug
drug7,氯米帕明,Drug
drug8,健儿清解液,Drug
drug9,硫酸钾,Drug
drug10,口服胃酶合剂,Drug
drug11,干酵母片,Drug
drug12,胃动力药,Drug
drug13,吗丁啉,Drug
drug14,阿米替林,Drug
drug15,抗组织胺,Drug
drug16,抗5-羟色胺药,Drug
drug17,赛庚啶,Drug
drug18,食欲兴奋剂,Drug
drug19,助食剂,Drug
drug20,肥儿丸,Drug
drug21,理中丸,Drug
drug22,启脾丸,Drug
drug23,儿康宁糖浆,Drug
drug24,健儿散,Drug
drug25,山楂健脾丸,Drug
drug26,香砂六君丸,Drug
drug27,小儿增食丸,Drug
drug28,小儿化食丹,Drug
drug29,小儿消食至宝丹,Drug
drug30,保和丸,Drug
drug31,儿童开胃乐口服液,Drug
drug32,胃酶合剂,Drug
drug33,多酶片,Drug
drug34,乳酶生,Drug
drug35,助消化药,Drug
drug36,氯丙咪酸,Drug
drug37,多虑平,Drug
drug38,新稀宝牌锌硒宝片,Drug
drug39,氟西汀,Drug
drug40,帕罗西汀,Drug
drug41,安神补脑液,Drug
drug42,舒肝解郁胶囊,Drug
drug43,九味镇心颗粒,Drug
drug44,谷维素,Drug
drug45,复合维生素B片,Drug
drug46,大山楂颗粒,Drug
drug47,红芪口服液,Drug
drug48,乌鸡桂圆养血口服液,Drug
drug49,五味安神颗粒,Drug
drug50,槐杞黄颗粒,Drug
drug51,香茯益血口服液,Drug
drug52,归脾丸,Drug
drug53,舒肝和胃丸,Drug
drug54,五维他口服溶液,Drug
drug55,肥儿糖浆,Drug
drug56,薏芽健脾凝胶,Drug
drug57,儿宝颗粒,Drug
drug58,保儿安颗粒,Drug
drug59,醒脾养儿颗粒,Drug
drug60,小儿七星茶颗粒,Drug
drug61,葡萄糖酸锌颗粒,Drug
drug62,五维他口服溶液,Drug
drug63,龙牡壮骨颗粒,Drug
drug64,赖氨葡锌颗粒,Drug
drug65,羔羊胃提取物维B12颗粒,Drug
drug66,五维牛磺酸口服溶液,Drug
drug67,大黄碳酸氢钠片,Drug
drug68,山麦健脾口服液,Drug
drug69,肠内营养乳剂,Drug
drug70,厌食康颗粒,Drug
drug71,枳术宽中胶囊,Drug
drug72,复方太子参颗粒,Drug
drug73,开胃消食口服液,Drug
drug74,十味益脾颗粒,Drug
drug75,稚儿灵膏滋,Drug
drug76,金朴消积颗粒,Drug
food1,薏苡仁,Food
food2,山药,Food
food3,山楂,Food
food4,砂仁,Food
food5,白术,Food
food6,白蔻,Food
food7,黄芪,Food
food8,党参,Food
food9,水果,Food
food10,蔬菜,Food
food11,鸡心,Food
food12,鸡肝,Food
food13,腰果,Food
food14,莲子,Food
food15,鸡蛋,Food
food16,青豆,Food
food17,黑豆,Food
food18,豆腐干,Food
food19,鱼腥草,Food
food20,洋葱,Food
food21,香菜,Food
food22,茼蒿,Food
food23,咸鸭蛋,Food
food24,松子(炒),Food
food25,南瓜子仁,Food
food26,啤酒,Food
food27,白酒,Food
food28,绿豆,Food
food29,赤小豆,Food
food30,白扁豆,Food
food31,山药鱼片汤,Food
food32,茯苓,Food
food33,鱼肉,Food
food34,豆腐,Food
food35,海带,Food
food36,山楂麦芽馀,Food
food37,生山楂,Food
food38,炒麦芽,Food
food39,山金胡萝卜汤,Food
food40,内金,Food
food41,胡萝卜,Food
food42,红糖,Food
food43,花生,Food
food44,玉米,Food
food45,零食,Food
food46,小麻椒,Food
food47,辣椒,Food
food48,牛奶,Food
food49,酸奶,Food
food50,西红柿,Food
food51,竹笋,Food
food52,糯米饭,Food
food53,槟榔粥,Food
food54,槟榔,Food
food55,粳米,Food
food56,白术猪肚粥,Food
food57,生姜,Food
food58,猪肚,Food
food59,橘皮鲫鱼汤,Food
food60,鲫鱼,Food
food61,橘皮,Food
food62,胡椒,Food
food63,葱,Food
food64,八仙糕,Food
food65,芡实,Food
food66,糯米粉,Food
food67,麻油,Food
food68,白糖,Food
part1,女性生殖,Part
part2,全身,Part
part3,血液血管,Part
part4,精神,Part
part5,胃,Part
part6,肠,Part
part7,胸部,Part
part8,腹部,Part
symptom1,惧怕体重增加,Symptom
symptom2,营养不良,Symptom
symptom3,围绕减少体重进行各种活动,Symptom
symptom4,故意节制食量,Symptom
symptom5,轻度肥胖,Symptom
symptom6,部分躯体过胖,Symptom
symptom7,水肿,Symptom
symptom8,强迫性症状,Symptom
symptom9,体重减轻,Symptom
symptom10,性功能及性发育障碍,Symptom
symptom11,呕吐,Symptom
symptom12,食欲不振,Symptom
symptom13,腹泻,Symptom
symptom14,便秘,Symptom
symptom15,腹胀,Symptom
symptom16,腹痛,Symptom
symptom17,便血,Symptom
symptom18,消瘦,Symptom
symptom19,毛发细疏,Symptom
symptom20,体重明显下降,Symptom
symptom21,体内缺乏脂肪,Symptom
symptom22,体内激素水平异常,Symptom
symptom23,心脏功能下降,Symptom
symptom24,月经减少或停止,Symptom
symptom25,抑郁情绪,Symptom
symptom26,性格改变,Symptom
symptom27,皮肤粗糙干裂,Symptom
symptom28,柔毛出现,Symptom
symptom29,体温下降,Symptom
symptom30,心跳缓慢,Symptom
symptom31,身体衰弱,Symptom
symptom32,脱水,Symptom
symptom33,脸色苍白,Symptom
symptom34,身凉,Symptom
symptom35,畏冷,Symptom
symptom36,低血压,Symptom
symptom37,性欲缺乏,Symptom
symptom38,体毛过多,Symptom
cure1,神经性厌食症西药治疗,Cure
cure2,住院治疗,Cure
cure3,全身治疗,Cure
cure4,药物治疗,Cure
cure5,心理治疗,Cure
cure6,行为治疗,Cure
cure7,认知治疗,Cure
cure8,心理动力学心理治疗,Cure
cure9,家庭治疗,Cure
cure10,神经性厌食症中医治疗,Cure
cure11,小儿厌食症西医治疗,Cure
cure12,小儿厌食症中医治疗,Cure
cure13,传统疗法,Cure
cure14,针灸疗法,Cure
cure15,捏脊疗法,Cure
cure16,青春期厌食症西医治疗,Cure
cure17,青春期厌食症中医治疗,Cure
cure18,手术治疗,Cure
cure19,西药治疗,Cure
cure20,精神治疗,Cure
cure21,心理治疗,Cure
cure22,行为治疗,Cure
cure23,补锌治疗,Cure
cure24,推拿疗法,Cure
prevention1,情绪预防,Prevention
prevention2,劳逸结合,Prevention
prevention3,进行正确人体美的教育,Prevention
prevention4,饭后不催吐,Prevention
prevention5,合理喂养 养成良好的饮食习惯,Prevention
prevention6,培养良好的饮食卫生习惯,Prevention
prevention7,保持轻松愉快的进食情绪,Prevention
prevention8,积极治疗引起厌食症的根源,Prevention
prevention9,养成良好的生活习惯,Prevention
prevention10,了解青春期的发育特点,Prevention
prevention11,在青春期进行恰当教育,Prevention
prevention12,增强体育锻炼,Prevention
hospital1,北京大学第六医院,Hospital
hospital2,上海交通大学医学院附属瑞金医院,Hospital
hospital3,郑州大学第一附属医院,Hospital
hospital4,广州医科大学附属脑科医院,Hospital
hospital5,天津医科大学总医院,Hospital
hospital6,上海长征医院,Hospital
hospital7,中南大学湘雅二医院,Hospital
hospital8,上海市精神卫生中心,Hospital
hospital9,哈尔滨医科大学附属第一医院,Hospital
hospital10,昆明医科大学第二附属医院,Hospital
hospital11,哈尔滨市第一专科医院,Hospital
hospital12,安徽医科大学第一附属医院,Hospital
hospital13,南昌大学第二附属医院,Hospital
hospital14,哈尔滨医科大学附属第四医院,Hospital
hospital15,河北北方学院附属第一医院,Hospital
hospital16,杭州市第七人民医院,Hospital
hospital17,浙江省立同德医院,Hospital
hospital18,首都医科大学附属北京安定医院,Hospital
hospital19,杭州市第一人民医院,Hospital
hospital20,潍坊市人民医院,Hospital
hospital21,常州市第一人民医院,Hospital
hospital22,宝鸡市人民医院,Hospital
hospital23,长春市第六医院,Hospital
hospital24,山西医科大学第一医院,Hospital
hospital25,宁波市康宁医院,Hospital
hospital26,广东省人民医院,Hospital
hospital27,中国医学科学院北京协和医院,Hospital
hospital28,北京大学第一医院,Hospital
hospital29,中国人民解放军总医院第一医学中心,Hospital
hospital30,四川大学华西医院,Hospital
hospital31,浙江大学医学院附属第一医院,Hospital
hospital32,上海交通大学医学院附属仁济医院,Hospital
hospital33,浙江大学医学院附属第二医院,Hospital
hospital34,中国医科大学附属盛京医院,Hospital
hospital35,首都医科大学附属北京儿童医院,Hospital
hospital36,西安交通大学第一附属医院,Hospital
hospital37,山东省立医院,Hospital
hospital38,南方医科大学南方医院,Hospital
hospital39,中山大学附属第三医院,Hospital
hospital40,河北医科大学第二医院,Hospital
hospital41,河南省人民医院,Hospital
hospital42,上海市东方医院,Hospital
hospital43,山东第一医科大学第一附属医院,Hospital
hospital44,空军军医大学唐都医院,Hospital
hospital45,山西医科大学第二医院,Hospital
hospital46,河南科技大学第一附属医院,Hospital
hospital47,浙江大学医学院附属邵逸夫医院,Hospital
hospital48,中国中医科学院西苑医院,Hospital
hospital49,上海中医药大学附属岳阳中西医结合医院,Hospital
hospital50,山西白求恩医院,Hospital
hospital51,湖南省第二人民医院,Hospital
hospital52,湖南省儿童医院,Hospital
hospital53,北京大学深圳医院,Hospital
hospital54,南京医科大学附属儿童医院,Hospital
hospital55,上海交通大学医学院附属仁济医院南院,Hospital
hospital56,徐州市儿童医院,Hospital
hospital57,廊坊市人民医院,Hospital
hospital58,云南大学附属医院,Hospital
hospital59,河北省儿童医院,Hospital
hospital60,浙江中医药大学附属温州中医院,Hospital
hospital61,深圳大学总医院,Hospital
hospital62,南京脑科医院,Hospital
hospital63,北京市海淀医院,Hospital
hospital64,三明市第二医院,Hospital
hospital65,湖北省妇幼保健院,Hospital
hospital66,衢州市人民医院,Hospital
hospital67,武汉市精神卫生中心,Hospital
hospital68,浙江中医药大学附属嘉兴市中医院,Hospital
hospital69,深圳市康宁医院,Hospital
hospital70,福建省福州神经精神病防治院,Hospital
hospital71,清华大学玉泉医院,Hospital
hospital72,苏州市广济医院,Hospital
hospital73,山西省精神卫生中心,Hospital
hospital74,四川省八一康复中心,Hospital
hospital75,临沂市第四人民医院,Hospital
hospital76,北京市密云区医院,Hospital
hospital77,解放军第九〇四医院常州院区,Hospital
hospital78,东阿县妇幼保健院,Hospital
hospital79,解放军第九〇四医院无锡院区,Hospital
hospital80,太仓市第三人民医院,Hospital
hospital81,北京怡宁医院,Hospital
hospital82,南方医科大学南方医院江高院区,Hospital
hospital83,郑州大学第一附属医院郑东院区,Hospital
hospital84,北京安忻临床心理门诊部,Hospital
hospital85,江苏省中医院,Hospital
hospital86,济宁市第一人民医院,Hospital
hospital87,温州医科大学附属第二医院,Hospital
hospital88,陕西省中医医院,Hospital
hospital89,中山大学附属第一医院,Hospital
hospital90,苏州大学附属儿童医院,Hospital
hospital91,北京京都儿童医院,Hospital
hospital92,广东省妇幼保健院,Hospital
hospital93,复旦大学附属儿科医院,Hospital
hospital94,中国福利会国际和平妇幼保健院,Hospital
hospital95,武汉儿童医院,Hospital
hospital96,蚌埠市第一人民医院,Hospital
hospital97,黑龙江中医药大学附属第一医院,Hospital
hospital98,山西省儿童医院,Hospital
hospital99,安徽省儿童医院,Hospital
hospital100,上海市中医医院,Hospital
hospital101,开封市儿童医院,Hospital
hospital102,阜阳市人民医院,Hospital
hospital103,东昌府区妇幼保健院,Hospital
hospital104,温州市人民医院,Hospital
hospital105,海南省妇女儿童医学中心,Hospital
hospital106,复旦大学附属华山医院,Hospital
hospital107,淄博市妇幼保健院,Hospital
hospital108,常州市儿童医院,Hospital
hospital109,南京医科大学第四附属医院,Hospital
hospital110,上海市儿童医院,Hospital
hospital111,新民市人民医院,Hospital
hospital112,北京市普仁医院,Hospital
hospital113,嵊州市妇幼保健院,Hospital
hospital114,上海市中医文献馆中医门诊部,Hospital
hospital115,西安市儿童医院,Hospital
hospital116,安阳市中医院,Hospital
hospital117,唐山市丰润区中医医院,Hospital
hospital118,沈北新区中医院,Hospital
hospital119,辽宁中医药大学附属医院,Hospital
hospital120,上海交通大学医学院附属新华医院,Hospital
hospital121,上海交通大学医学院附属上海儿童医学中心,Hospital
hospital122,中国科学技术大学附属第一医院,Hospital
hospital123,浙江大学医学院附属儿童医院,Hospital
hospital124,重庆医科大学附属儿童医院,Hospital
hospital125,西京医院,Hospital
hospital126,北京中医药大学东直门医院,Hospital
hospital127,广东省中医院,Hospital
hospital128,浙江省中医院,Hospital
hospital129,济宁医学院附属医院,Hospital
hospital130,山东中医药大学附属医院,Hospital
hospital131,北京大学第三医院,Hospital
hospital132,北京中医药大学东方医院,Hospital
hospital133,广州市妇女儿童医疗中心,Hospital
hospital134,中南大学湘雅医院,Hospital
hospital135,上海中医药大学附属龙华医院,Hospital
hospital136,成都中医药大学附属医院,Hospital
hospital137,河南中医药大学第一附属医院,Hospital
hospital138,滕州市中心人民医院,Hospital
hospital139,上海市第六人民医院,Hospital
hospital140,长春中医药大学附属医院,Hospital
hospital141,中国中医科学院广安门医院,Hospital
hospital142,上海中医药大学附属曙光医院西院,Hospital
hospital143,上海中医药大学附属曙光医院东院,Hospital
hospital144,湖南中医药大学第一附属医院,Hospital
hospital145,湖北省中医院,Hospital
hospital146,吉林大学中日联谊医院,Hospital
hospital147,首都医科大学附属北京中医医院,Hospital
hospital148,深圳市儿童医院,Hospital
hospital149,成都市妇女儿童中心医院,Hospital
hospital150,河南省儿童医院,Hospital
hospital151,首都儿科研究所附属儿童医院,Hospital
hospital152,南京市中医院,Hospital
hospital153,安徽中医药大学第一附属医院,Hospital
hospital154,湖州市中心医院,Hospital
hospital155,六安市人民医院,Hospital
hospital156,天津市儿童医院,Hospital
hospital157,济南市儿童医院,Hospital
hospital158,江西省儿童医院,Hospital
hospital159,昆明市儿童医院,Hospital
hospital160,武汉市中医医院,Hospital
hospital161,常州市中医医院,Hospital
hospital162,齐齐哈尔市中医医院,Hospital
hospital163,商丘市第一人民医院,Hospital
hospital164,广州医科大学附属第一医院,Hospital
hospital165,南京市妇幼保健院,Hospital
hospital166,长春市儿童医院,Hospital
hospital167,济南市中医医院,Hospital
hospital168,吉林省中医药科学院第一临床医院,Hospital
hospital169,山西省人民医院,Hospital
hospital170,陕西省人民医院,Hospital
hospital171,湖南省人民医院,Hospital
hospital172,四川大学华西第二医院,Hospital
hospital173,天津中医药大学第一附属医院,Hospital
hospital174,大连医科大学附属第一医院,Hospital
hospital175,蚌埠医学院第一附属医院,Hospital
hospital176,西安市中医医院,Hospital
hospital177,天津中医药大学第二附属医院,Hospital
hospital178,日照市人民医院,Hospital
hospital179,沈阳市儿童医院,Hospital
hospital180,赤峰市医院,Hospital
hospital181,北京儿童医院顺义妇儿医院,Hospital
hospital182,安徽中医药大学第二附属医院,Hospital
hospital183,广州医科大学附属第二医院,Hospital
hospital184,广州中医药大学第一附属医院,Hospital
hospital185,中国人民解放军总医院第七医学中心,Hospital
hospital186,川北医学院附属医院,Hospital
hospital187,中山大学附属第五医院,Hospital
hospital188,潍坊医学院附属医院,Hospital
hospital189,北京中医药大学第三附属医院,Hospital
hospital190,大庆市中医医院,Hospital
hospital191,保定市第一中心医院,Hospital
hospital192,延安大学附属医院,Hospital
hospital193,太原市中医医院,Hospital
hospital194,河南省中医院,Hospital
hospital195,广东省第二人民医院,Hospital
hospital196,上海市静安区中心医院,Hospital
hospital197,青岛市中医医院,Hospital
hospital198,赣南医学院第一附属医院,Hospital
hospital199,河北省中医院,Hospital
hospital200,合肥市第一人民医院,Hospital
hospital201,西部战区总医院,Hospital
hospital202,上海交通大学医学院附属第九人民医院北部院区,Hospital
hospital203,深圳市宝安区人民医院,Hospital
hospital204,厦门市中医院,Hospital
hospital205,云南省中医医院,Hospital
hospital206,甘肃中医药大学附属医院,Hospital
hospital207,聊城市第二人民医院,Hospital
hospital208,江西省妇幼保健院,Hospital
hospital209,安阳市妇幼保健院,Hospital
hospital210,泉州市妇幼保健院,Hospital
hospital211,中山市博爱医院,Hospital
hospital212,河南大学第一附属医院,Hospital
hospital213,新疆维吾尔自治区中医医院,Hospital
hospital214,齐齐哈尔市第一医院,Hospital
hospital215,宁波市妇女儿童医院,Hospital
hospital216,温州市中西医结合医院,Hospital
hospital217,三门峡市中心医院,Hospital
hospital218,江苏省第二中医院,Hospital
hospital219,宁德市闽东医院,Hospital
hospital220,甘肃省中医院,Hospital
hospital221,常德市第一人民医院,Hospital
hospital222,广州医科大学附属中医医院,Hospital
hospital223,湖南省中医药研究院附属医院,Hospital
hospital224,台州市第一人民医院,Hospital
hospital225,襄阳市中医医院,Hospital
hospital226,中国中医科学院望京医院,Hospital
hospital227,临沂市中医医院,Hospital
hospital228,怀化市第一人民医院,Hospital
hospital229,青岛市妇女儿童医院,Hospital
hospital230,苏州市立医院,Hospital
hospital231,宁波市中医院,Hospital
hospital232,威海市妇幼保健院,Hospital
hospital233,吉林省吉林中西医结合医院,Hospital
hospital234,盐城市第三人民医院,Hospital
hospital235,上海中医药大学附属上海市中西医结合医院,Hospital
hospital236,天津市中医药研究院附属医院,Hospital
hospital237,福建省妇幼保健院,Hospital
hospital238,湖南省直中医医院,Hospital
hospital239,佛山市妇幼保健院,Hospital
hospital240,郴州市第一人民医院南院,Hospital
hospital241,绵阳市人民医院,Hospital
hospital242,济宁市中医院,Hospital
hospital243,厦门市妇幼保健院,Hospital
hospital244,唐山市妇幼保健院,Hospital
hospital245,山东大学附属山东省妇幼保健院,Hospital
hospital246,杭州市萧山区中医院,Hospital
hospital247,贵州中医药大学第二附属医院,Hospital
hospital248,日照市妇幼保健院,Hospital
hospital249,广州中医药大学深圳医院,Hospital
hospital250,荆州市中医医院,Hospital
hospital251,安徽省皖南康复医院,Hospital
hospital252,黑龙江中医药大学附属第二医院,Hospital
hospital253,榆林市中医医院,Hospital
hospital254,荆州市中医医院,Hospital
hospital255,山东省精神卫生中心,Hospital
hospital256,北京市鼓楼中医医院,Hospital
hospital257,中国中医科学院针灸医院,Hospital
hospital258,丽水市中医院,Hospital
hospital259,鞍山市中心医院立山院区,Hospital
hospital260,北京回龙观医院,Hospital
hospital261,盱眙县人民医院,Hospital
hospital262,重庆大学附属三峡医院江南分院,Hospital
hospital263,淮安市妇幼保健院,Hospital
hospital264,张家界市人民医院,Hospital
hospital265,临沧市人民医院,Hospital
hospital266,汝州市第一人民医院,Hospital
hospital267,葫芦岛市中心医院,Hospital
hospital268,保定市妇幼保健院,Hospital
hospital269,神木市医院,Hospital
hospital270,福建省福鼎市医院,Hospital
hospital271,沧州市人民医院颐和院区,Hospital
hospital272,北京儿童医院保定医院,Hospital
hospital273,珠海市妇幼保健院,Hospital
hospital274,北京市宣武中医医院,Hospital
hospital275,广州市黄埔区中医院,Hospital
hospital276,晋中市中医院,Hospital
hospital277,焦作市中医院,Hospital
hospital278,宜昌市夷陵医院,Hospital
hospital279,泰州市姜堰中医院,Hospital
hospital280,贾汪区人民医院,Hospital
hospital281,乌鲁木齐儿童医院,Hospital
hospital282,邢台市中医院,Hospital
hospital283,济宁市妇幼保健计划生育服务中心,Hospital
hospital284,山东省庆云县人民医院,Hospital
hospital285,杭州市余杭区妇幼保健院,Hospital
hospital286,泰州市第四人民医院,Hospital
hospital287,天津市妇女儿童保健中心,Hospital
hospital288,大同市中医医院,Hospital
hospital289,临邑县中医院,Hospital
hospital290,柘城县中医院,Hospital
hospital291,广州市白云区第一人民医院,Hospital
hospital292,东风公司茅箭医院,Hospital
hospital293,杭州市儿童医院,Hospital
hospital294,西安市临潼区人民医院,Hospital
hospital295,河南省南乐县人民医院,Hospital
hospital296,上海市浦东新区中医医院,Hospital
hospital297,成都儿童专科医院,Hospital
hospital298,绵阳市游仙区妇幼保健院,Hospital
hospital299,洛宁县人民医院,Hospital
hospital300,宁县中医医院,Hospital
hospital301,平定县中医医院,Hospital
hospital302,长春中医药大学附属第三临床医院,Hospital
hospital303,延安市中医院,Hospital
hospital304,北京积水潭医院,Hospital
hospital305,火箭军特色医学中心,Hospital
hospital306,武汉市中心医院,Hospital
hospital307,中国中医科学院眼科医院,Hospital
hospital308,复旦大学附属浦东医院,Hospital
hospital309,郴州市儿童医院,Hospital
hospital310,成都市青羊区中医医院,Hospital
hospital311,安徽省肿瘤医院,Hospital
hospital312,上海市奉贤区中医院,Hospital
hospital313,北京中医医院延庆医院,Hospital
hospital314,桂阳县中医院,Hospital
hospital315,北京中医药大学东直门医院通州院区,Hospital
hospital316,山东新中鲁中医医院,Hospital
hospital317,襄阳市第二人民医院,Hospital
hospital318,阳谷县妇幼保健院,Hospital
hospital319,台州市妇女儿童医院,Hospital
hospital320,温州医科大学附属第二医院江南分院,Hospital
hospital321,临沂市兰山区妇幼保健院,Hospital
hospital322,郯城县妇幼保健院,Hospital
hospital323,火箭军特色医学中心,Hospital
hospital324,安徽省肿瘤医院,Hospital
hospital325,武汉市中心医院,Hospital
hospital326,北京中医药大学东直门医院通州院区,Hospital
hospital327,北京积水潭医院,Hospital
hospital328,辽宁省中医院,Hospital
hospital329,辽宁省人民医院,Hospital
hospital330,大连市中心医院,Hospital
hospital331,中国医大一院,Hospital
hospital332,航天中心医院 ,Hospital
hospital333,北京老年医院,Hospital
hospital334,应急总医院,Hospital
hospital335,中国医科大学航空总医院,Hospital
hospital336,清华大学第一附属医院,Hospital
hospital337,民航总医院,Hospital
hospital338,首都医科大学附属复兴医院,Hospital
hospital339,宣武中医院,Hospital
hospital340,北京市隆福医院 ,Hospital
hospital341,北京航天总医院,Hospital
hospital342,大兴人民医院,Hospital
hospital343,北京顺义医院,Hospital
hospital344,杨浦区中心医院,Hospital
hospital345,上海市第五人民医院 ,Hospital
hospital346,上海市第三人民医院,Hospital
hospital347,上海金山医院,Hospital
hospital348,青浦区中心医院,Hospital
hospital349,广州市第八人民医院,Hospital
hospital350,广州市胸科医院,Hospital
hospital351,广州医科大学附属第五医院,Hospital
hospital352,深圳市福田人民医院,Hospital
hospital353,佛山市口腔医院,Hospital
hospital354,江门市妇幼保健院 ,Hospital
hospital355,汕头市第三人民医院,Hospital
hospital356,汕头市第二人民医院,Hospital
hospital357,惠州市第六人民医院,Hospital
hospital358,惠东县人民医院,Hospital
hospital359,廉江市人民医院,Hospital
hospital360,珠海市第二人民医院 ,Hospital
hospital361,肇庆市第二人民医院,Hospital
hospital362,汕尾市人民医院,Hospital
hospital363,南宁市第五人民医院,Hospital
hospital364,南宁市第三人民医院,Hospital
hospital365,桂林市第五人民医院,Hospital
hospital366,梧州市人民医院,Hospital
hospital367,河池市第一人民医院,Hospital
hospital368,贺州市人民医院,Hospital
hospital369,南京市江北人民医院,Hospital
hospital370,昆山中医院,Hospital
hospital371,苏州第四人民医院,Hospital
hospital372,苏州市第五人民医院,Hospital
hospital373,常熟市中医院,Hospital
hospital374,昆山市第一人民医院,Hospital
hospital375,太仓市第一人民医院,Hospital
hospital376,徐州东方医院,Hospital
hospital377,徐州市口腔医院,Hospital
hospital378,常州市第四人民医院,Hospital
hospital379,常州市第三人民医院,Hospital
hospital380,淮安市第四人民医院,Hospital
hospital381,淮安市淮安医院,Hospital
hospital382,泰兴市人民医院,Hospital
hospital383,兴化市人民医院,Hospital
hospital384,泰州市第二人民医院,Hospital
hospital385,沭阳县人民医院,Hospital
hospital386,萧山区第一人民医院,Hospital
hospital387,杭州市第三人民医院,Hospital
hospital388,杭州市肿瘤医院,Hospital
hospital389,余杭中医院,Hospital
hospital390,富阳市人民医院,Hospital
hospital391,浙江省皮肤病医院,Hospital
hospital392,宁波市第六医院,Hospital
hospital393,余姚市人民医院,Hospital
hospital394,宁波市眼科医院,Hospital
hospital395,北仑区人民医院,Hospital
hospital396,宁波市精神病院,Hospital
hospital397,宁海县妇幼保健院,Hospital
hospital398,瑞安市人民医院,Hospital
hospital399,平阳县人民医院,Hospital
hospital400,永嘉县中医院,Hospital
hospital401,永康市第一人民医院,Hospital
hospital402,金华市人民医院,Hospital
hospital403,东阳市人民医院,Hospital
hospital404,台州市立医院,Hospital
hospital405,温岭市第一人民医院,Hospital
hospital406,台州市中医院,Hospital
hospital407,新昌县人民医院,Hospital
hospital408,海宁市人民医院,Hospital
hospital409,平湖市中医院,Hospital
hospital410,海宁市中医院 ,Hospital
hospital411,湖州市第一人民医院,Hospital
hospital412,长兴县中医院 ,Hospital
hospital413,舟山市普陀区人民医院,Hospital
hospital414,合肥市第四人民医院,Hospital
hospital415,安徽医科大学第四附属医院,Hospital
hospital416,淮南市第一人民医院,Hospital
hospital417,芜湖市第一人民医院,Hospital
hospital418,宣城中心医院,Hospital
hospital419,赣州市第二人民医院,Hospital
hospital420,丰城市人民医院,Hospital
hospital421,福建省福州儿童医院,Hospital
hospital422,福建省口腔医院,Hospital
hospital423,泉州市第三医院,Hospital
hospital424,泉州儿童医院,Hospital
hospital425,晋江市中医院,Hospital
hospital426,南安市医院,Hospital
hospital427,安溪县中医院,Hospital
hospital428,龙岩市第二医院,Hospital
hospital429,龙岩市第三医院,Hospital
hospital430,山东省立第三医院,Hospital
hospital431,章丘市人民医院 ,Hospital
hospital432,青岛市第八人民医院,Hospital
hospital433,青岛市第三人民医院,Hospital
hospital434,青岛市骨伤科医院,Hospital
hospital435,昌乐县人民医院,Hospital
hospital436,莱州市人民医院,Hospital
hospital437,金乡县人民医院,Hospital
hospital438,济宁市妇幼保健院,Hospital
hospital439,兰陵县人民医院,Hospital
hospital440,新泰市人民医院,Hospital
hospital441,肥城中医院,Hospital
hospital442,成武县人民医院,Hospital
hospital443,临淄区人民医院,Hospital
hospital444,滨州市中医医院,Hospital
hospital445,临邑县人民医院,Hospital
hospital446,枣庄市立第二医院,Hospital
hospital447,东营市第二人民医院,Hospital
hospital448,济南市人民医院,Hospital
hospital449,阳泉市第三人民医院,Hospital
hospital450,石家庄市第三医院,Hospital
hospital451,石家庄市第五医院,Hospital
hospital452,河北省口腔医院,Hospital
hospital453,保定市第一医院,Hospital
hospital454,秦皇岛市第三医院,Hospital
hospital455,邢台市第三医院,Hospital
hospital456,张家口市第一医院,Hospital
hospital457,唐山市第二医院,Hospital
hospital458,廊坊市第四人民医院,Hospital
hospital459,郑州市第六人民医院,Hospital
hospital460,河南省口腔医院,Hospital
hospital461,河科大第二附院,Hospital
hospital462,洛阳市第三人民医院,Hospital
hospital463,安阳市第三人民医院,Hospital
hospital464,新医三附院,Hospital
hospital465,开封市第二人民医院,Hospital
hospital466,许昌市人民医院,Hospital
hospital467,黄河三门峡医院,Hospital
hospital468,鹤壁第一人民医院,Hospital
hospital469,济源市人民医院,Hospital
hospital470,天津市天和医院,Hospital
hospital471,天津市第四医院,Hospital
hospital472,天津市海河医院,Hospital
hospital473,沈阳市中医院,Hospital
hospital474,沈阳市第一人民医院,Hospital
hospital475,辽宁省妇幼保健院,Hospital
hospital476,大连市第七人民医院,Hospital
hospital477,大连市皮肤病医院,Hospital
hospital478,大连市第五人民医院,Hospital
hospital479,大连市第六人民医院,Hospital
hospital480,中国医科大学附属第一医院鞍山医院,Hospital
hospital481,鞍山市双山医院,Hospital
hospital482,鞍山市第二医院,Hospital
hospital483,锦州市第二医院,Hospital
hospital484,铁岭市中医院,Hospital
hospital485,辽阳市第三人民医院,Hospital
hospital486,营口开发区中心医院,Hospital
hospital487,哈尔滨市第二医院,Hospital
hospital488,哈尔滨市普宁医院,Hospital
hospital489,黑龙江省第二医院,Hospital
hospital490,大庆市第四医院,Hospital
hospital491,大庆市第二医院,Hospital
hospital492,长春市人民医院,Hospital
hospital493,白城中心医院,Hospital
hospital494,四平市第一人民医院,Hospital
hospital495,武汉第八医院,Hospital
article1,北京女大学生节食状况及进食障碍状况的初步调查,Article
article2,EDI-1量表对神经性厌食症患者的初步测试,Article
article3,进食障碍与社会心理因素,Article
article4,萨提亚家庭治疗模式在青少年心理健康工作中的应用,Article
article5,进食障碍概念的演变及病因学研究进展,Article
article6,北京市中学生进食障碍检出率研究的结构式会谈结果报告,Article
article7,家庭治疗在精神障碍治疗中的应用,Article
article8,进食障碍的流行现状、影响因素和预防措施,Article
article9,51例进食障碍患者的临床特征分析,Article
article10,青少年进食行为与进食障碍研究,Article
article11,神经性厌食症患者抑制控制功能研究,Article
article12,女性进食障碍的心理社会学因素研究,Article
article13,神经性厌食患者的人格特征及焦虑抑郁症状,Article
article14,神经性厌食症的社会心理因素,Article
article15,神经性厌食症及神经性贪食症的认知行为治疗分析,Article
article16,精神疾病中的睡眠障碍,Article
article17,神经性厌食患者内分泌功能的改变,Article
article18,神经性厌食引起功能性下丘脑闭经的作用机制,Article
article19,自尊对进食障碍的影响:身体不满的中介作用,Article
article20,进食障碍的病因学研究进展,Article
article21,北京三所高校舞蹈专业女大学生进食障碍和月经紊乱的调查,Article
article22,从心理学视角探讨进食障碍的成因,Article
article23,从肝论治青少年女性神经性厌食症体会,Article
article24,身体自我与心理健康关系研究进展,Article
article25,进食障碍的病因及治疗,Article
article26,女性大学生进食障碍与身体自尊、负面评价恐惧关系的研究,Article
article27,成都市区1486名女性大、中学生进食障碍的现况调查,Article
article28,神经性厌食患者的家庭环境特征与临床症状,Article
article29,神经性厌食症与贪食症心理社会机制及干预,Article
article30,青少年神经性厌食症的家庭治疗,Article
article31,神经性厌食患者血小板5-羟色胺浓度的对照研究,Article
article32,小儿厌食症与心理行为异常及其相关因素的关系,Article
article33,神经性厌食的临床分析,Article
article34,新视角——进食障碍的病因学研究进展,Article
article35,儿童心理行为及其发育障碍——第8讲 进食障碍,Article
article36,营养与青春期性发育,Article
article37,家谱图在神经性厌食症患者治疗中的应用,Article
article38,肝失疏泄与神经性厌食症的关系探讨,Article
article39,脑深部电刺激治疗难治性神经性厌食症,Article
article40,神经性厌食症的生物-心理-社会模型,Article
article41,立体定向双侧内囊前肢毁损术治疗神经性厌食症的长期随访(24例报告),Article
article42,104例进食障碍患者临床特征分析,Article
article43,30例神经性厌食症的内分泌功能变化临床分析,Article
article44,舒必利治疗神经性厌食患者的临床疗效观察,Article
article45,脂肪因子研究新进展,Article
article46,功能性下丘脑闭经,Article
article47,神经性厌食患者的临床表现及内分泌功能改变,Article
article48,小儿脾虚纳呆症的临床观察,Article
article49,难治性神经性厌食症手术治疗新进展,Article
article50,神经性贪食症的认知机制及认知行为治疗进展,Article
article51,瘦素对能量代谢及儿童生长作用的研究进展,Article
article52,神经性厌食症的治疗进展,Article
article53,神经性厌食症的心理治疗,Article
article54,进食障碍亚临床状态的概念及诊断,Article
article55,冻疮与冻疮的治疗进展,Article
article56,单用西酞普兰与合并家庭治疗对神经性厌食症患者的疗效,Article
article57,女性神经性厌食症患者的瘦素水平及其在生殖功能调节中的作用,Article
article58,大学生神经性厌食症的病理心理分析及其调治,Article
article59,资生丸治疗神经性厌食症,Article
article60,进食障碍患者的体象障碍,Article
article61,神经性厌食药物治疗新进展,Article
article62,隆胸与减肥:消费社会中女性的身体控制,Article
article63,神经性厌食症与家庭治疗研究,Article
article64,对神经性厌食的认识与研究,Article
article65,从香港患者看神经性厌食症的跨文化差异,Article
article66,神经性厌食症9例临床报告,Article
article67,女性神经性厌食症患者人格特征和心身状况的研究,Article
article68,1例异食症初中生的接纳承诺疗法治疗个案报告,Article
article69,黛力新联合逍遥丸治疗女性神经性厌食症的疗效观察,Article
article70,氟西汀治疗对神经性厌食症患者事件相关电位N400的影响,Article
article71,神经性厌食症患者进食障碍与家庭功能关系的研究,Article
article72,夫妻/家庭治疗的效果(综述),Article
article73,儿童神经性厌食症社区干预的综合分析,Article
article74,进食障碍与人格研究现状,Article
article75,促肾上腺皮质激素释放因子及其受体的研究,Article
article76,神经性厌食研究简述,Article
article77,病理性完美主义与进食障碍,Article
article78,五羟色胺与进食障碍,Article
article79,神经性厌食症综述,Article
article80,米氮平治疗神经性厌食症的疗效对照研究,Article
article81,瘦素与神经性厌食,Article
article82,神经性厌食认知损害及其相关因素研究进展,Article
article83,精神疾病与味觉障碍,Article
article84,躯体变形障碍,Article
article85,神经性厌食的内科并发症,Article
article86,身体锻炼、身体自尊与女大学生进食障碍倾向的关系,Article
article87,认知行为疗法在进食障碍治疗中的应用,Article
article88,了解成年女性的饮食障碍,Article
article89,神经性厌食症患者的抑制功能与完美主义特质,Article
article90,神经性厌食症营养干预治疗效果的观察,Article
article91,神经性厌食症的情志致病机制及治疗,Article
article92,奥氮平联合逍遥丸治疗女性神经性厌食症对照研究,Article
article93,神经性厌食症患者家庭治疗疗效观察,Article
article94,补肾疏肝方对神经性厌食应激模型大鼠下丘脑-垂体-卵巢轴功能的影响,Article
article95,女性神经性厌食症与其人格的关系,Article
article96,18例神经性厌食症患者的心理干预,Article
article97,神经性厌食症的心理干预,Article
article98,神经性厌食症52例临床分析,Article
article99,青少年神经性厌食的心理护理,Article
article100,中西医结合治疗神经性厌食疗效观察,Article
article101,神经性厌食症患者的护理15例,Article
article102,1例神经性厌食患者的结构式家庭治疗,Article
article103,神经性厌食证治刍议,Article
article104,小儿推拿疗法治疗小儿厌食症的临床研究,Article
article105,小儿推拿在儿童保健中的应用研究,Article
article106,小儿推拿疗法治疗小儿厌食症的临床观察,Article
article107,小儿厌食症的研究和中西医治疗,Article
article108,基于健脾益气思想运用小儿推拿及中药治疗脾失健运型小儿厌食症的随机多中心临床研究,Article
article109,小儿推拿治疗儿童功能性消化不良的临床研究,Article
article110,推拿手法治疗小儿厌食的证治规律研究,Article
article111,捏脊疗法深入认识与临床应用,Article
article112,脾阴、脾阴虚证现代研究进展,Article
article113,小儿厌食症的中西医发病机制研究进展,Article
article114,小儿厌食症的中医病因病机及证候学研究,Article
article115,参苍健胃方治疗小儿厌食症的临床与实验研究,Article
article116,中医外治法治疗小儿厌食症临床应用进展,Article
article117,中西医治疗小儿厌食症研究概况,Article
article118,小儿厌食症的中西医研究进展,Article
article119,小儿厌食症的病因病机及治疗,Article
article120,基于数据挖掘探析小儿厌食症推拿选穴规律,Article
article121,捏脊治疗不同证型小儿厌食症的临床研究,Article
article122,三字经学派小儿推拿治疗小儿厌食症的临床研究,Article
article123,推拿治疗小儿厌食症随机对照试验的系统评价和Meta分析,Article
article124,小儿厌食症中医证型分布规律初探 ——小儿厌食症常见中医证型相关影响因素的研究,Article
article125,三字经派小儿推拿治疗小儿厌食症70例疗效观察,Article
article126,运脾开胃法治疗小儿厌食症的临床文献与实验研究,Article
article127,运脾推拿法治疗小儿厌食症的研究,Article
article128,中西医结合治疗小儿厌食症的研究进展,Article
article129,中医小儿推拿法治疗小儿厌食症的临床研究,Article
article130,中医药治疗小儿厌食症的研究进展,Article
article131,辨证选穴推拿治疗小儿厌食症的规范化研究,Article
article132,宋明锁学术思想与临床经验总结及小儿厌食症证治规律研究,Article
article133,脾阴学说及其临床研究概况,Article
article134,中医辨治小儿厌食症体会,Article
article135,针刺四缝穴对厌食症患儿食欲调节因子的影响,Article
article136,通督强脊手法治疗脾失健运型小儿厌食症的临床研究,Article
article137,小建中汤治疗小儿脾虚型疳积的临床疗效观察,Article
article138,小儿厌食症的病因分析,Article
article139,中医小儿推拿法治疗小儿厌食症的临床研究,Article
article140,中医外治法治疗小儿厌食症的临床研究进展,Article
article141,中医药治疗小儿厌食症的研究近况,Article
article142,小儿厌食证治,Article
article143,从中药有效成分探寻新的抗菌药物,Article
article144,四缝穴治疗小儿厌食症腧穴特异性的临床研究,Article
article145,三字经流派推拿治疗小儿厌食症的临床研究,Article
article146,小儿厌食症中医学研究进展,Article
article147,推拿治疗小儿厌食症的临床研究进展,Article
article148,罗笑容老中医治疗小儿厌食症经验介绍,Article
article149,辨证取穴推拿治疗小儿厌食症82例临床观察,Article
article150,小儿厌食症的中医治疗进展,Article
article151,中医外治法在小儿厌食症中的应用现状及研究进展,Article
article152,五经推拿法配合点刺四缝穴治疗小儿厌食症93例疗效观察,Article
article153,运脾法改善厌食动物模型胃肠动力及胃肠吸收细胞超微结构的机理研究,Article
article154,小儿厌食症中西医研究进展,Article
article155,小儿推拿治疗厌食症随机对照试验的方法学和干预措施报告质量评价,Article
article156,小儿厌食症的中医药治疗进展,Article
article157,小儿厌食症的中西医研究进展,Article
article158,小儿厌食症病机特点及治疗对策,Article
article159,穴位贴敷治疗小儿厌食症61例临床研究,Article
article160,小儿厌食症临床特点及中医证型相关性研究,Article
article161,健脾助运小儿推拿法治疗脾胃气虚型小儿厌食症临床观察,Article
article162,小儿厌食症的中医药临床研究进展,Article
article163,参苓白术散治疗消化系疾病概述,Article
article164,宝宝乐口服液治疗小儿厌食症中枢机制的研究,Article
article165,药膳在小儿五脏养生中的应用,Article
article166,浅谈小儿厌食症的中西医病因,Article
article167,中医对小儿厌食症的认识及治疗,Article
article168,近35年中医儿科临床医学研究进展,Article
article169,小儿厌食症的中医药诊治,Article
article170,冯氏捏积疗法规范化治疗小儿厌食症的临床疗效研究,Article
article171,以捏脊摩腹推脾为核心特定穴推拿法治疗小儿厌食症的临床观察,Article
article172,中医药治疗小儿厌食症研究进展,Article
article173,小儿厌食症的辨证分型论治,Article
article174,张士卿教授运用对药治疗小儿厌食症经验,Article
article175,四缝穴在儿科疾病中的临床应用概况,Article
article176,穿山甲临床应用概述,Article
article177,加味益胃汤治疗小儿脾胃阴虚型厌食症的临床疗效及作用机理研究,Article
article178,推拿治疗小儿厌食症的Meta分析,Article
article179,运脾法及其组方治疗小儿厌食症的机制研究,Article
article180,推拿手法治疗小儿厌食症CRF表的设计与应用,Article
article181,四缝穴在儿科疾病中的临床应用近况,Article
article182,健脾和胃推拿法治疗小儿厌食症的临床研究,Article
article183,中医药治疗小儿厌食症的研究进展,Article
article184,辨证分型推拿治疗小儿厌食症300例疗效观察及其作用机制,Article
article185,调脾方治疗小儿厌食症的临床疗效研究,Article
article186,黄瑾明教授治疗小儿厌食症经验,Article
article187,从体质防治小儿厌食症,Article
article188,小儿推拿治疗小儿厌食的临床研究进展,Article
article189,运脾法在儿科临床的应用及其作用机制,Article
article190,特制饲料喂养幼龄大鼠建立小儿厌食症模型,Article
article191,中医药治疗小儿厌食症的实验研究进展,Article
article192,针刺四缝穴治疗脾失健运型小儿厌食症临床研究,Article
article193,江育仁治疗小儿厌食症经验探析,Article
article194,运脾平肝法治疗小儿厌食脾虚肝旺证的临床研究,Article
article195,张士卿教授治疗小儿厌食症组方规律分析,Article
article196,调脾合剂治疗小儿厌食症脾失健运证90例临床观察,Article
article197,捏脊加刺四缝穴治疗小儿厌食症临床观察,Article
article198,中医药治疗小儿厌食症的现状与展望,Article
article199,摩腹捏脊推拿法对脾胃气虚型小儿厌食症疗效及肠黏膜吸收功能的影响分析,Article
article200,小儿厌食症的中医治疗进展,Article
article201,捏脊疗法治疗脾胃气虚型小儿厌食症的临床观察,Article
article202,中医小儿推拿法治疗小儿厌食症的临床研究,Article
article203,儿童厌食症的中医治疗研究进展,Article
article204,针灸治疗小儿厌食症的Meta分析,Article
article205,针刺四缝穴对脾胃气虚型小儿厌食症血清瘦素的影响,Article
article206,145例小儿厌食症病因及辨证分型探讨,Article
article207,心理认知领悟疗法在治疗青春期厌食症中的运用,Article
article208,什么是青春期厌食症,Article
article209,减肥与青春期厌食症,Article
article210,浅谈青春期厌食症,Article
article211,香砂六君子汤治疗少阴人青春期厌食症,Article
article212,青春期厌食症重在预防,Article
article213,盲目节食减肥与青春期厌食症,Article
article214,警惕青春期厌食症,Article
article215,当心青春期厌食症,Article
article216,激素在患神经性厌食症的青春期少女月经恢复中的作用,Article
article217,青春期学生须警惕厌食症,Article
